INSERT INTO central_users (id, username, password_hash, role, force_password_change)
VALUES ('CENTRAL_SUPERADMIN', 'superadmin', '$2b$10$JrYpRSUApTKeBwqHlNGEAeGcyPPP6MRJ7egLLJz96bIwN98hrQlwG', 'SUPER_ADMIN', TRUE)
ON DUPLICATE KEY UPDATE username = VALUES(username), role = VALUES(role);

INSERT INTO theatres (id, code, name, city, status)
VALUES ('TH_TVM001', 'TH_TVM001', 'KSFDC Demo Theatre', 'Thiruvananthapuram', 'ACTIVE')
ON DUPLICATE KEY UPDATE name = VALUES(name), city = VALUES(city), status = VALUES(status);

INSERT INTO screens (id, theatre_id, code, name)
VALUES ('SCREEN001', 'TH_TVM001', 'SCREEN001', 'Screen 1')
ON DUPLICATE KEY UPDATE name = VALUES(name);

INSERT INTO movies (id, title, language, duration_minutes, certificate, status)
VALUES ('MOV_DEMO_001', 'Demo Movie', 'Malayalam', 142, 'U/A', 'ACTIVE')
ON DUPLICATE KEY UPDATE title = VALUES(title), language = VALUES(language), duration_minutes = VALUES(duration_minutes), certificate = VALUES(certificate), status = VALUES(status);

INSERT INTO seat_layouts (id, theatre_id, screen_id, name, screen_side_label, is_active)
VALUES ('LAYOUT_SCREEN001_V1', 'TH_TVM001', 'SCREEN001', 'Screen 1 Canonical Layout V1', 'SCREEN THIS SIDE', TRUE)
ON DUPLICATE KEY UPDATE theatre_id = VALUES(theatre_id), screen_id = VALUES(screen_id), name = VALUES(name), screen_side_label = VALUES(screen_side_label), is_active = VALUES(is_active);

DELETE FROM seat_layout_seats WHERE layout_id = 'LAYOUT_SCREEN001_V1';
INSERT INTO seat_layout_seats (layout_id, seat_id, row_label, seat_number, zone_code, item_type, display_order, gap_width, is_blocked) VALUES
('LAYOUT_SCREEN001_V1','A1','A','1','RECLINER','SEAT',1,NULL,FALSE),
('LAYOUT_SCREEN001_V1','A2','A','2','RECLINER','SEAT',2,NULL,FALSE),
('LAYOUT_SCREEN001_V1','GAP_A_3','A',NULL,NULL,'AISLE',3,28,FALSE),
('LAYOUT_SCREEN001_V1','A3','A','3','RECLINER','SEAT',4,NULL,FALSE),
('LAYOUT_SCREEN001_V1','A4','A','4','RECLINER','SEAT',5,NULL,FALSE),
('LAYOUT_SCREEN001_V1','B1','B','1','RECLINER','SEAT',1,NULL,FALSE),
('LAYOUT_SCREEN001_V1','B2','B','2','RECLINER','SEAT',2,NULL,FALSE),
('LAYOUT_SCREEN001_V1','GAP_B_3','B',NULL,NULL,'AISLE',3,28,FALSE),
('LAYOUT_SCREEN001_V1','B3','B','3','RECLINER','SEAT',4,NULL,FALSE),
('LAYOUT_SCREEN001_V1','B4','B','4','RECLINER','SEAT',5,NULL,FALSE),
('LAYOUT_SCREEN001_V1','C1','C','1','GOLD','SEAT',1,NULL,FALSE),
('LAYOUT_SCREEN001_V1','C2','C','2','GOLD','SEAT',2,NULL,FALSE),
('LAYOUT_SCREEN001_V1','C3','C','3','GOLD','SEAT',3,NULL,FALSE),
('LAYOUT_SCREEN001_V1','GAP_C_4','C',NULL,NULL,'AISLE',4,28,FALSE),
('LAYOUT_SCREEN001_V1','C4','C','4','GOLD','SEAT',5,NULL,FALSE),
('LAYOUT_SCREEN001_V1','C5','C','5','GOLD','SEAT',6,NULL,FALSE),
('LAYOUT_SCREEN001_V1','C6','C','6','GOLD','SEAT',7,NULL,FALSE),
('LAYOUT_SCREEN001_V1','D1','D','1','GOLD','SEAT',1,NULL,FALSE),
('LAYOUT_SCREEN001_V1','D2','D','2','GOLD','SEAT',2,NULL,FALSE),
('LAYOUT_SCREEN001_V1','D3','D','3','GOLD','SEAT',3,NULL,FALSE),
('LAYOUT_SCREEN001_V1','GAP_D_4','D',NULL,NULL,'AISLE',4,28,FALSE),
('LAYOUT_SCREEN001_V1','D4','D','4','GOLD','SEAT',5,NULL,FALSE),
('LAYOUT_SCREEN001_V1','D5','D','5','GOLD','SEAT',6,NULL,FALSE),
('LAYOUT_SCREEN001_V1','D6','D','6','GOLD','SEAT',7,NULL,FALSE),
('LAYOUT_SCREEN001_V1','E1','E','1','GOLD','SEAT',1,NULL,FALSE),
('LAYOUT_SCREEN001_V1','E2','E','2','GOLD','SEAT',2,NULL,FALSE),
('LAYOUT_SCREEN001_V1','E3','E','3','GOLD','SEAT',3,NULL,FALSE),
('LAYOUT_SCREEN001_V1','GAP_E_4','E',NULL,NULL,'AISLE',4,28,FALSE),
('LAYOUT_SCREEN001_V1','E4','E','4','GOLD','SEAT',5,NULL,FALSE),
('LAYOUT_SCREEN001_V1','E5','E','5','GOLD','SEAT',6,NULL,FALSE),
('LAYOUT_SCREEN001_V1','E6','E','6','GOLD','SEAT',7,NULL,FALSE),
('LAYOUT_SCREEN001_V1','F1','F','1','SILVER','SEAT',1,NULL,FALSE),
('LAYOUT_SCREEN001_V1','F2','F','2','SILVER','SEAT',2,NULL,FALSE),
('LAYOUT_SCREEN001_V1','F3','F','3','SILVER','SEAT',3,NULL,FALSE),
('LAYOUT_SCREEN001_V1','F4','F','4','SILVER','SEAT',4,NULL,FALSE),
('LAYOUT_SCREEN001_V1','GAP_F_5','F',NULL,NULL,'AISLE',5,28,FALSE),
('LAYOUT_SCREEN001_V1','F5','F','5','SILVER','SEAT',6,NULL,FALSE),
('LAYOUT_SCREEN001_V1','F6','F','6','SILVER','SEAT',7,NULL,FALSE),
('LAYOUT_SCREEN001_V1','F7','F','7','SILVER','SEAT',8,NULL,FALSE),
('LAYOUT_SCREEN001_V1','F8','F','8','SILVER','SEAT',9,NULL,FALSE),
('LAYOUT_SCREEN001_V1','G1','G','1','SILVER','SEAT',1,NULL,FALSE),
('LAYOUT_SCREEN001_V1','G2','G','2','SILVER','SEAT',2,NULL,FALSE),
('LAYOUT_SCREEN001_V1','G3','G','3','SILVER','SEAT',3,NULL,FALSE),
('LAYOUT_SCREEN001_V1','G4','G','4','SILVER','SEAT',4,NULL,FALSE),
('LAYOUT_SCREEN001_V1','GAP_G_5','G',NULL,NULL,'AISLE',5,28,FALSE),
('LAYOUT_SCREEN001_V1','G5','G','5','SILVER','SEAT',6,NULL,FALSE),
('LAYOUT_SCREEN001_V1','G6','G','6','SILVER','SEAT',7,NULL,FALSE),
('LAYOUT_SCREEN001_V1','G7','G','7','SILVER','SEAT',8,NULL,FALSE),
('LAYOUT_SCREEN001_V1','G8','G','8','SILVER','SEAT',9,NULL,FALSE),
('LAYOUT_SCREEN001_V1','H1','H','1','SILVER','SEAT',1,NULL,FALSE),
('LAYOUT_SCREEN001_V1','H2','H','2','SILVER','SEAT',2,NULL,FALSE),
('LAYOUT_SCREEN001_V1','H3','H','3','SILVER','SEAT',3,NULL,FALSE),
('LAYOUT_SCREEN001_V1','H4','H','4','SILVER','SEAT',4,NULL,FALSE),
('LAYOUT_SCREEN001_V1','GAP_H_5','H',NULL,NULL,'AISLE',5,28,FALSE),
('LAYOUT_SCREEN001_V1','H5','H','5','SILVER','SEAT',6,NULL,FALSE),
('LAYOUT_SCREEN001_V1','H6','H','6','SILVER','SEAT',7,NULL,FALSE),
('LAYOUT_SCREEN001_V1','H7','H','7','SILVER','SEAT',8,NULL,FALSE),
('LAYOUT_SCREEN001_V1','H8','H','8','SILVER','BLOCKED',9,NULL,TRUE)
;

INSERT INTO shows (id, movie_id, theatre_id, screen_id, layout_id, show_time, authority_mode, status) VALUES
('SHOW_TODAY_001', 'MOV_DEMO_001', 'TH_TVM001', 'SCREEN001', 'LAYOUT_SCREEN001_V1', TIMESTAMP(CURRENT_DATE, '11:00:00'), 'LOCAL_AUTHORITY_ONLINE', 'OPEN'),
('SHOW_TODAY_002', 'MOV_DEMO_001', 'TH_TVM001', 'SCREEN001', 'LAYOUT_SCREEN001_V1', TIMESTAMP(CURRENT_DATE, '14:30:00'), 'CENTRAL_AUTHORITY', 'OPEN'),
('SHOW_TODAY_003', 'MOV_DEMO_001', 'TH_TVM001', 'SCREEN001', 'LAYOUT_SCREEN001_V1', TIMESTAMP(CURRENT_DATE, '19:00:00'), 'LOCAL_AUTHORITY_ONLINE', 'OPEN')
ON DUPLICATE KEY UPDATE theatre_id = VALUES(theatre_id), screen_id = VALUES(screen_id), layout_id = VALUES(layout_id), show_time = VALUES(show_time), authority_mode = VALUES(authority_mode), status = VALUES(status);

DELETE FROM show_pricing WHERE show_id IN ('SHOW_TODAY_001','SHOW_TODAY_002','SHOW_TODAY_003');
INSERT INTO show_pricing (show_id, zone_code, amount) VALUES
('SHOW_TODAY_001','RECLINER',250.00),('SHOW_TODAY_001','GOLD',180.00),('SHOW_TODAY_001','SILVER',120.00),
('SHOW_TODAY_002','RECLINER',250.00),('SHOW_TODAY_002','GOLD',180.00),('SHOW_TODAY_002','SILVER',120.00),
('SHOW_TODAY_003','RECLINER',250.00),('SHOW_TODAY_003','GOLD',180.00),('SHOW_TODAY_003','SILVER',120.00);

DELETE FROM booking_authority_policy WHERE show_id IN ('SHOW_TODAY_001','SHOW_TODAY_002','SHOW_TODAY_003');
INSERT INTO booking_authority_policy (show_id, channel, authority_mode, is_booking_allowed) VALUES
('SHOW_TODAY_001','PUBLIC','LOCAL_AUTHORITY_ONLINE',FALSE),('SHOW_TODAY_001','COUNTER','LOCAL_AUTHORITY_ONLINE',TRUE),('SHOW_TODAY_001','AGENT','LOCAL_AUTHORITY_ONLINE',FALSE),
('SHOW_TODAY_002','PUBLIC','CENTRAL_AUTHORITY',TRUE),('SHOW_TODAY_002','COUNTER','CENTRAL_AUTHORITY',TRUE),('SHOW_TODAY_002','AGENT','CENTRAL_AUTHORITY',TRUE),
('SHOW_TODAY_003','PUBLIC','LOCAL_AUTHORITY_ONLINE',FALSE),('SHOW_TODAY_003','COUNTER','LOCAL_AUTHORITY_ONLINE',TRUE),('SHOW_TODAY_003','AGENT','LOCAL_AUTHORITY_ONLINE',FALSE);

INSERT INTO show_authority_state (show_id, authority_mode, local_heartbeat_at, pending_sync_events, failed_sync_events) VALUES
('SHOW_TODAY_001','LOCAL_AUTHORITY_ONLINE',DATE_SUB(NOW(), INTERVAL 2 MINUTE),0,0),
('SHOW_TODAY_002','CENTRAL_AUTHORITY',NULL,0,0),
('SHOW_TODAY_003','LOCAL_AUTHORITY_ONLINE',DATE_SUB(NOW(), INTERVAL 2 MINUTE),0,0)
ON DUPLICATE KEY UPDATE authority_mode = VALUES(authority_mode), local_heartbeat_at = VALUES(local_heartbeat_at), pending_sync_events = VALUES(pending_sync_events), failed_sync_events = VALUES(failed_sync_events);

INSERT INTO agent_clients (id, name, api_key_hash, status, last_seen_at)
VALUES ('AGENT_DEMO', 'Demo Agent Client', 'prototype-hash', 'ACTIVE', DATE_SUB(NOW(), INTERVAL 5 MINUTE))
ON DUPLICATE KEY UPDATE name = VALUES(name), status = VALUES(status), last_seen_at = VALUES(last_seen_at);

DELETE FROM payments WHERE booking_id IN (SELECT id FROM central_bookings WHERE show_id IN ('SHOW_TODAY_001','SHOW_TODAY_002','SHOW_TODAY_003'));
DELETE FROM central_confirmed_seats WHERE show_id IN ('SHOW_TODAY_001','SHOW_TODAY_002','SHOW_TODAY_003');
DELETE FROM central_booking_items WHERE show_id IN ('SHOW_TODAY_001','SHOW_TODAY_002','SHOW_TODAY_003');
DELETE FROM central_bookings WHERE show_id IN ('SHOW_TODAY_001','SHOW_TODAY_002','SHOW_TODAY_003');
DELETE FROM central_seat_hold_items WHERE show_id IN ('SHOW_TODAY_001','SHOW_TODAY_002','SHOW_TODAY_003');
DELETE FROM central_seat_holds WHERE show_id IN ('SHOW_TODAY_001','SHOW_TODAY_002','SHOW_TODAY_003');
